Tamaño(n),Tiempo(segundos)
1,0.000000
10,0.000000
100,0.000000
1000,0.000000
10000,0.000000
100000,0.001000
1000000,0.003000
