Tamaño(n),Tiempo(segundos)
1,0.000000
10,0.000000
100,0.000000
1000,0.001000
10000,0.026000
100000,2.723000
1000000,267.041000
